{"text": " Suisseur 660 Romeo contact en Marseille 125-185, goodbye.", "segments": [{"id": 0, "seek": 0, "start": 0.0, "end": 5.0, "text": " Suisseur 660 Romeo contact en Marseille 125-185, goodbye.", "tokens": [50364, 2746, 7746, 374, 1386, 4550, 33563, 3385, 465, 2039, 405, 3409, 25276, 12, 6494, 20, 11, 12084, 13, 50614], "temperature": 0.0, "avg_logprob": -0.6728500638689313, "compression_ratio": 0.8769230769230769, "no_speech_prob": 0.03568211942911148}], "language": "fr"}