{"text": " Beep Beep Beep Beep Beep Beep Beep Beep Beep Beep Beep Beep Beep Beep Beep Beep Beep Beep Beep Beep Beep Beep Beep Beep Beep Beep Beep Beep Beep Beep Beep Beep Beep Beep Beep Beep Beep Beep Beep Beep Beep Beep Beep Beep Beep Beep Beep Beep Beep Beep Beep Beep Beep Beep Beep Beep Beep Beep Beep Beep Beep Beep Beep Beep Beep Beep Beep Beep Beep Beep Beep Beep Beep Beep Beep Beep Beep Beep Beep Beep Beep Beep Beep Beep Beep Beep Beep Beep Beep Beep Beep Beep Beep Beep Beep Beep Beep Beep Beep Beep Beep Beep Beep Beep Beep Beep Beep Beep Beep Beep Beep Be", "segments": [{"id": 0, "seek": 0, "start": 0.0, "end": 5.94, "text": " Beep Beep Beep Beep Beep Beep Beep Beep Beep Beep Beep Beep Beep Beep Beep Beep Beep Beep Beep Beep Beep Beep Beep Beep Beep Beep Beep Beep Beep Beep Beep Beep Beep Beep Beep Beep Beep Beep Beep Beep Beep Beep Beep Beep Beep Beep Beep Beep Beep Beep Beep Beep Beep Beep Beep Beep Beep Beep Beep Beep Beep Beep Beep Beep Beep Beep Beep Beep Beep Beep Beep Beep Beep Beep Beep Beep Beep Beep Beep Beep Beep Beep Beep Beep Beep Beep Beep Beep Beep Beep Beep Beep Beep Beep Beep Beep Beep Beep Beep Beep Beep Beep Beep Beep Beep Beep Beep Beep Beep Beep Beep Be", "tokens": [50364, 879, 595, 879, 595, 879, 595, 879, 595, 879, 595, 879, 595, 879, 595, 879, 595, 879, 595, 879, 595, 879, 595, 879, 595, 879, 595, 879, 595, 879, 595, 879, 595, 879, 595, 879, 595, 879, 595, 879, 595, 879, 595, 879, 595, 879, 595, 879, 595, 879, 595, 879, 595, 879, 595, 879, 595, 879, 595, 879, 595, 879, 595, 879, 595, 879, 595, 879, 595, 879, 595, 879, 595, 879, 595, 879, 595, 879, 595, 879, 595, 879, 595, 879, 595, 879, 595, 879, 595, 879, 595, 879, 595, 879, 595, 879, 595, 879, 595, 879, 595, 879, 595, 879, 595, 879, 595, 879, 595, 879, 595, 879, 595, 879, 595, 879, 595, 879, 595, 879, 595, 879, 595, 879, 595, 879, 595, 879, 595, 879, 595, 879, 595, 879, 595, 879, 595, 879, 595, 879, 595, 879, 595, 879, 595, 879, 595, 879, 595, 879, 595, 879, 595, 879, 595, 879, 595, 879, 595, 879, 595, 879, 595, 879, 595, 879, 595, 879, 595, 879, 595, 879, 595, 879, 595, 879, 595, 879, 595, 879, 595, 879, 595, 879, 595, 879, 595, 879, 595, 879, 595, 879, 595, 879, 595, 879, 595, 879, 595, 879, 595, 879, 595, 879, 595, 879, 595, 879, 595, 879, 595, 879, 595, 879, 595, 879, 595, 879, 595, 879, 595, 879, 595, 879], "temperature": 0.0, "avg_logprob": -0.06564607408311632, "compression_ratio": 29.31578947368421, "no_speech_prob": 0.6893494129180908}], "language": "en"}