{"text": " At Fran\u00e7ois 65.01, contact Paris 133, Dessu mal 82, au revoir.", "segments": [{"id": 0, "seek": 0, "start": 0.0, "end": 5.0, "text": " At Fran\u00e7ois 65.01, contact Paris 133, Dessu mal 82, au revoir.", "tokens": [50364, 1711, 1526, 12368, 7376, 11624, 13, 10607, 11, 3385, 8380, 3705, 18, 11, 413, 442, 84, 2806, 29097, 11, 1609, 319, 8823, 13, 50614], "temperature": 0.0, "avg_logprob": -0.827537096463717, "compression_ratio": 0.9, "no_speech_prob": 0.03787127882242203}], "language": "English"}