{"text": " France 6501, take your navigation direct to Dijon.", "segments": [{"id": 0, "seek": 0, "start": 0.0, "end": 3.2800000000000002, "text": " France 6501, take your navigation direct to Dijon.", "tokens": [50364, 6190, 38566, 16, 11, 747, 428, 17346, 2047, 281, 413, 1718, 266, 13, 50528], "temperature": 0.0, "avg_logprob": -0.8103945851325989, "compression_ratio": 0.8620689655172413, "no_speech_prob": 0.011165278032422066}], "language": "English"}