{"text": " You're going to attack Geneva 128 decimal 1-5, goodbye.", "segments": [{"id": 0, "seek": 0, "start": 0.0, "end": 3.0, "text": " You're going to attack Geneva 128 decimal 1-5, goodbye.", "tokens": [50364, 509, 434, 516, 281, 2690, 37285, 29810, 26601, 502, 12, 20, 11, 12084, 13, 50514], "temperature": 0.0, "avg_logprob": -0.7840451633228975, "compression_ratio": 0.8870967741935484, "no_speech_prob": 0.06125921756029129}], "language": "English"}