{"text": " Hello, I'm Lucifer 551, identified, cleared to pass territory 9F330.", "segments": [{"id": 0, "seek": 0, "start": 0.0, "end": 5.0, "text": " Hello, I'm Lucifer 551, identified, cleared to pass territory 9F330.", "tokens": [50364, 2425, 11, 286, 478, 9593, 9361, 12330, 16, 11, 9234, 11, 19725, 281, 1320, 11360, 1722, 37, 18, 3446, 13, 50614], "temperature": 0.0, "avg_logprob": -0.8218109296715778, "compression_ratio": 0.8947368421052632, "no_speech_prob": 0.06501735746860504}], "language": "English"}