{"text": " We've turned the 4-7-2-3 resume on navigation to Villisau.", "segments": [{"id": 0, "seek": 0, "start": 0.0, "end": 3.2, "text": " We've turned the 4-7-2-3 resume on navigation to Villisau.", "tokens": [50364, 492, 600, 3574, 264, 1017, 12, 22, 12, 17, 12, 18, 15358, 322, 17346, 281, 14244, 271, 1459, 13, 50524], "temperature": 0.0, "avg_logprob": -0.5925321145491167, "compression_ratio": 0.90625, "no_speech_prob": 0.020058942958712578}], "language": "English"}