{"text": " Thank you for being here. Good afternoon. We are in a different class. The class is at level 3-0-0.", "segments": [{"id": 0, "seek": 0, "start": 0.0, "end": 2.0, "text": " Thank you for being here. Good afternoon.", "tokens": [50364, 1044, 291, 337, 885, 510, 13, 2205, 6499, 13, 50464], "temperature": 0.0, "avg_logprob": -0.9173141367295209, "compression_ratio": 1.064516129032258, "no_speech_prob": 0.018005212768912315}, {"id": 1, "seek": 0, "start": 2.0, "end": 4.0, "text": " We are in a different class.", "tokens": [50464, 492, 366, 294, 257, 819, 1508, 13, 50564], "temperature": 0.0, "avg_logprob": -0.9173141367295209, "compression_ratio": 1.064516129032258, "no_speech_prob": 0.018005212768912315}, {"id": 2, "seek": 0, "start": 4.0, "end": 6.0, "text": " The class is at level 3-0-0.", "tokens": [50564, 440, 1508, 307, 412, 1496, 805, 12, 15, 12, 15, 13, 50664], "temperature": 0.0, "avg_logprob": -0.9173141367295209, "compression_ratio": 1.064516129032258, "no_speech_prob": 0.018005212768912315}], "language": "English"}