{"text": "\u043e\u043b\u044c\u0448ers 660 ROMEO contact Marseille 125BU, good bye", "segments": [{"id": 0, "seek": 0, "start": 0.0, "end": 4.78, "text": "\u043e\u043b\u044c\u0448ers 660 ROMEO contact Marseille 125BU, good bye", "tokens": [50372, 24110, 433, 1386, 4550, 41678, 6004, 3385, 2039, 405, 3409, 25276, 41743, 11, 665, 6543, 50603], "temperature": 1.0, "avg_logprob": -2.9429649776882596, "compression_ratio": 0.873015873015873, "no_speech_prob": 0.035716015845537186}], "language": "Kannada"}