{"text": " Top speed 4578, climb to flight level 310.", "segments": [{"id": 0, "seek": 0, "start": 0.0, "end": 3.5, "text": " Top speed 4578, climb to flight level 310.", "tokens": [50364, 8840, 3073, 6905, 30693, 11, 10724, 281, 7018, 1496, 805, 3279, 13, 50539], "temperature": 0.0, "avg_logprob": -0.7271732966105143, "compression_ratio": 0.84, "no_speech_prob": 0.12318171560764313}], "language": "English"}