{"text": " Alitalia 201 set course direct to Torino.", "segments": [{"id": 0, "seek": 0, "start": 0.0, "end": 2.56, "text": " Alitalia 201 set course direct to Torino.", "tokens": [50364, 967, 1686, 654, 1525, 992, 1164, 2047, 281, 7160, 2982, 13, 50492], "temperature": 0.0, "avg_logprob": -0.6557867186410087, "compression_ratio": 0.8367346938775511, "no_speech_prob": 0.037381116300821304}], "language": "English"}