{"text": " Luxa 551, report heading.", "segments": [{"id": 0, "seek": 0, "start": 0.0, "end": 2.0, "text": " Luxa 551, report heading.", "tokens": [50364, 25767, 64, 12330, 16, 11, 2275, 9864, 13, 50464], "temperature": 0.0, "avg_logprob": -0.5042459748008035, "compression_ratio": 0.7575757575757576, "no_speech_prob": 0.0927472785115242}], "language": "English"}